Postcode,yearly_median_weekly_rent,yearly_first_quartile_weekly_rent,yearly_third_quartile_weekly_rent,yearly_median_sales_price_000s,yearly_first_quartile_sales_000s,yearly_third_quartile_sales_000s
2000,900.0,93.0,3812.0,1300.0,870.0,2544.0
2007,550.0,439.0,1650.0,760.0,170.0,1049.0
2008,779.0,325.0,1588.0,867.5,603.0,1264.0
2009,930.5,645.0,1850.0,1145.0,753.0,1888.0
2010,886.5,400.0,1900.0,1137.5,790.0,1815.0
2011,689.0,425.0,2100.0,1041.5,603.0,1950.0
2015,866.5,645.0,1963.0,1138.0,745.0,1885.0
2016,749.0,215.0,1630.0,1370.0,815.0,2209.0
2017,1035.0,443.0,1813.0,975.0,758.0,1201.0
2018,952.5,694.0,1800.0,927.5,729.0,1403.0
2019,850.0,430.0,1300.0,967.5,756.0,1660.0
2020,980.0,659.0,1798.0,867.5,226.0,1108.0
2021,870.0,381.0,2400.0,2272.5,1044.0,3700.0
2022,1075.0,450.0,2500.0,1539.0,904.0,2713.0
2023,920.0,600.0,3188.0,1901.5,1120.0,5225.0
2024,1000.0,550.0,3750.0,2087.5,1365.0,4850.0
2025,950.0,605.0,3500.0,1977.5,1100.0,3950.0
2026,1000.0,330.0,3138.0,1743.0,1245.0,3505.0
2027,1031.5,485.0,2654.0,2394.0,950.0,4000.0
2028,965.0,518.0,2500.0,2067.5,1364.0,10300.0
2029,900.0,650.0,3000.0,2427.5,1306.0,6250.0
2030,1100.0,519.0,4700.0,2196.5,1293.0,7125.0
2031,873.0,376.0,2900.0,1414.0,1016.0,2810.0
2032,825.0,400.0,1950.0,1076.0,753.0,2550.0
2033,847.0,400.0,2288.0,1107.5,720.0,3925.0
2034,950.0,650.0,2863.0,1700.0,1245.0,3094.0
2035,877.5,400.0,2225.0,1462.5,962.0,2910.0
2036,1025.0,750.0,1943.0,1269.5,860.0,2550.0
2037,780.0,238.0,2188.0,1384.0,800.0,2170.0
2038,759.0,385.0,1525.0,1955.0,906.0,2570.0
2039,900.0,499.0,1795.0,1930.0,1450.0,2750.0
2040,850.0,353.0,1700.0,1760.0,1168.0,2304.0
2041,860.0,406.0,2275.0,2250.0,1523.0,3025.0
2042,755.0,315.0,1613.0,1534.0,745.0,2020.0
2043,865.0,650.0,1415.0,1252.0,850.0,1720.0
2044,850.0,450.0,1470.0,1600.0,1100.0,1953.0
2045,875.0,538.0,1250.0,2700.0,1515.0,4088.0
2046,800.0,499.0,1935.0,1676.0,1100.0,2820.0
2047,805.0,525.0,1738.0,1689.5,1075.0,2618.0
2048,700.0,431.0,1588.0,1896.5,892.0,2495.0
2049,685.0,350.0,1236.0,1040.0,750.0,1995.0
2050,800.0,514.0,2000.0,919.5,773.0,1600.0
2060,800.0,479.0,1725.0,1492.5,945.0,2573.0
2061,850.0,500.0,1925.0,2104.0,1346.0,3653.0
2062,785.0,535.0,1306.0,1416.0,900.0,2600.0
2063,900.0,643.0,3150.0,4852.5,2800.0,6350.0
2064,740.5,450.0,1163.0,1161.5,954.0,2309.0
2065,874.0,495.0,1900.0,1296.0,852.0,2350.0
2066,745.0,570.0,1988.0,1024.5,790.0,2555.0
2067,825.0,420.0,1750.0,1341.5,908.0,2740.0
2068,890.0,435.0,2425.0,2589.0,1315.0,4000.0
2069,860.0,466.0,2238.0,2945.0,978.0,4345.0
2070,871.5,455.0,2200.0,3075.5,1066.0,4385.0
2071,850.0,565.0,2200.0,2075.0,1102.0,4035.0
2072,800.0,598.0,1775.0,1044.5,765.0,3175.0
2073,850.0,535.0,1813.0,2889.5,1199.0,3815.0
2074,925.0,545.0,1800.0,2510.0,1075.0,3299.0
2075,1000.0,575.0,1825.0,2417.5,934.0,3463.0
2076,900.0,490.0,1675.0,2190.0,1450.0,3155.0
2077,650.0,485.0,1200.0,752.5,662.0,1254.0
2079,680.0,513.0,1075.0,1418.0,630.0,1709.0
2080,,,,,,
2081,780.0,570.0,1000.0,1675.0,1450.0,1874.0
2082,850.0,580.0,1038.0,1520.0,1383.0,1614.0
2083,625.0,456.0,700.0,,,
2084,,,,,,
2085,1472.5,1018.0,1808.0,2270.0,1050.0,2660.0
2086,1100.0,451.0,1800.0,2309.0,2065.0,2598.0
2087,1050.0,370.0,1791.0,2374.0,2008.0,2853.0
2088,815.0,528.0,3800.0,1885.5,1032.0,4740.0
2089,772.5,530.0,1550.0,1375.0,816.0,2250.0
2090,850.0,520.0,2250.0,1485.0,950.0,2438.0
2092,1633.0,913.0,2813.0,3410.0,2565.0,5205.0
2093,825.0,550.0,2600.0,2270.0,1085.0,3650.0
2094,900.0,580.0,2000.0,1945.0,1080.0,3630.0
2095,1000.0,600.0,3313.0,1900.0,1200.0,3270.0
2096,850.0,568.0,3300.0,1399.0,1093.0,3220.0
2097,825.0,523.0,2375.0,2204.5,1190.0,3100.0
2099,777.5,521.0,2075.0,1142.0,820.0,2144.0
2100,800.0,485.0,1775.0,2174.5,1050.0,2643.0
2101,800.0,520.0,1850.0,1882.5,1178.0,2550.0
2102,1050.0,798.0,1550.0,1857.5,1300.0,2583.0
2103,872.5,690.0,1800.0,2150.0,1151.0,2563.0
2104,1200.0,700.0,1600.0,,,
2105,663.0,568.0,1075.0,,,
2106,816.5,468.0,1750.0,2051.5,970.0,2875.0
2107,1145.0,485.0,1913.0,2562.5,2106.0,3850.0
2108,1181.5,694.0,1525.0,4850.0,2225.0,7200.0
2110,863.0,515.0,2225.0,3725.0,1555.0,6140.0
2111,695.0,474.0,2725.0,1073.0,693.0,2698.0
2112,737.5,550.0,1688.0,855.0,613.0,2380.0
2113,849.0,625.0,1600.0,995.0,775.0,1990.0
2114,645.0,430.0,1420.0,815.5,590.0,1933.0
2115,730.0,440.0,1263.0,1645.0,732.0,2097.0
2116,650.0,288.0,1200.0,1621.5,749.0,1889.0
2117,700.0,300.0,1200.0,1491.5,788.0,1918.0
2118,700.0,495.0,1100.0,810.0,661.0,2105.0
2119,840.0,558.0,1335.0,2379.0,1689.0,3250.0
2120,712.5,320.0,1295.0,1795.5,792.0,2278.0
2121,750.0,588.0,1313.0,875.0,730.0,2265.0
2122,700.0,360.0,1400.0,1692.5,928.0,2640.0
2125,858.0,226.0,1550.0,2634.0,2136.0,3259.0
2126,987.5,750.0,1250.0,2280.0,1858.0,2600.0
2127,780.0,620.0,1313.0,766.5,640.0,880.0
2128,580.0,370.0,738.0,702.0,575.0,1232.0
2130,688.0,440.0,1213.0,1175.0,835.0,2638.0
2131,650.0,430.0,1375.0,886.5,723.0,1365.0
2132,700.0,300.0,1528.0,1900.0,741.0,2669.0
2133,600.0,478.0,943.0,1250.0,701.0,2298.0
2134,800.0,316.0,1500.0,999.5,742.0,1364.0
2135,740.0,335.0,1775.0,865.0,654.0,3703.0
2136,677.5,329.0,935.0,850.5,630.0,2287.0
2137,780.0,510.0,1738.0,1443.0,840.0,2563.0
2138,860.0,305.0,1750.0,1009.5,780.0,1455.0
2140,680.0,530.0,905.0,656.0,570.0,770.0
2141,755.0,563.0,1250.0,862.0,669.0,1363.0
2142,620.0,350.0,950.0,579.5,482.0,899.0
2143,650.0,470.0,1325.0,1222.5,580.0,1550.0
2144,650.0,365.0,1100.0,632.0,511.0,1200.0
2145,632.5,437.0,1000.0,765.5,570.0,1310.0
2146,625.0,321.0,938.0,840.5,515.0,1312.0
2147,589.0,344.0,900.0,1150.0,905.0,1431.0
2148,582.5,280.0,850.0,874.5,522.0,1140.0
2150,650.0,370.0,1125.0,623.0,520.0,734.0
2151,593.0,350.0,1000.0,822.5,582.0,1795.0
2152,600.0,376.0,818.0,841.5,528.0,1689.0
2153,750.0,480.0,1100.0,1593.0,1001.0,1978.0
2154,760.0,550.0,1250.0,1528.5,907.0,2620.0
2155,740.0,505.0,1000.0,1480.0,724.0,1845.0
2156,973.0,500.0,1400.0,2772.5,2234.0,3738.0
2157,715.0,513.0,893.0,3800.0,2975.0,4163.0
2158,875.0,650.0,1238.0,1913.0,690.0,2855.0
2159,700.0,525.0,975.0,3038.0,1790.0,4175.0
2160,620.0,436.0,1150.0,686.5,500.0,1963.0
2161,565.0,345.0,1100.0,988.0,466.0,1259.0
2162,665.0,288.0,1050.0,1196.5,910.0,1379.0
2163,465.0,315.0,750.0,864.5,471.0,1105.0
2164,650.0,300.0,1050.0,1148.5,916.0,1452.0
2165,550.0,298.0,973.0,986.5,509.0,1258.0
2166,500.0,238.0,1000.0,912.5,430.0,1330.0
2167,650.0,450.0,860.0,925.5,790.0,1182.0
2168,600.0,420.0,850.0,924.0,788.0,1100.0
2170,582.5,340.0,973.0,670.5,489.0,1200.0
2171,730.0,450.0,855.0,1144.5,942.0,1373.0
2172,,,,,,
2173,725.0,600.0,950.0,1186.5,1005.0,1352.0
2174,720.0,355.0,900.0,1071.5,688.0,1325.0
2175,,,,,,
2176,685.0,473.0,960.0,1273.0,1049.0,1460.0
2177,600.0,480.0,850.0,1072.5,683.0,1346.0
2178,662.5,515.0,1078.0,,,
2179,692.5,388.0,850.0,921.0,610.0,1150.0
2190,705.0,220.0,1300.0,1327.5,1000.0,1536.0
2191,750.0,561.0,925.0,1741.0,892.0,2356.0
2192,590.0,360.0,1350.0,726.0,569.0,1803.0
2193,695.0,540.0,1150.0,805.0,620.0,2063.0
2194,580.0,328.0,1213.0,672.5,553.0,780.0
2195,522.5,380.0,1100.0,461.5,415.0,615.0
2196,608.0,360.0,1263.0,1050.0,535.0,1480.0
2197,775.0,580.0,1175.0,1249.0,1010.0,1423.0
2198,825.0,650.0,1200.0,1330.0,1136.0,1475.0
2199,650.0,225.0,1200.0,1101.5,552.0,1423.0
2200,605.0,360.0,1196.0,616.0,510.0,1280.0
2203,670.0,453.0,1496.0,987.0,795.0,1825.0
2204,698.0,373.0,1558.0,1331.5,855.0,2100.0
2205,850.0,650.0,1500.0,793.5,680.0,945.0
2206,811.5,393.0,1700.0,1993.0,1468.0,2487.0
2207,727.5,185.0,1475.0,1328.5,660.0,1943.0
2208,825.0,520.0,1375.0,1796.5,1300.0,2103.0
2209,665.0,350.0,1200.0,1385.0,699.0,1762.0
2210,689.0,390.0,1200.0,1365.5,766.0,1744.0
2211,750.0,500.0,1263.0,1451.5,1150.0,1729.0
2212,750.0,500.0,1250.0,1434.0,1095.0,1642.0
2213,792.5,530.0,1150.0,1478.0,1288.0,1685.0
2214,810.0,605.0,925.0,1292.5,1180.0,1448.0
2216,692.5,430.0,1400.0,785.5,650.0,1623.0
2217,700.0,445.0,1520.0,800.0,665.0,1350.0
2218,650.0,340.0,900.0,820.0,678.0,1550.0
2219,712.5,485.0,1700.0,1080.0,745.0,1990.0
2220,730.0,510.0,1450.0,791.0,644.0,1498.0
2221,811.5,600.0,1754.0,1775.0,799.0,2600.0
2222,588.0,400.0,1300.0,776.0,636.0,1843.0
2223,650.0,405.0,1500.0,1410.0,715.0,2279.0
2224,880.0,550.0,1563.0,1680.5,1100.0,2189.0
2225,975.0,670.0,1300.0,1739.5,1396.0,2300.0
2226,797.5,520.0,1413.0,1558.5,885.0,1825.0
2227,795.0,510.0,1550.0,1470.5,905.0,1910.0
2228,742.5,498.0,1450.0,1000.0,734.0,1830.0
2229,745.0,470.0,1650.0,1630.0,813.0,2195.0
2230,700.0,450.0,1963.0,1240.0,840.0,2455.0
2231,769.0,510.0,950.0,,,
2232,700.0,488.0,1300.0,989.0,729.0,1538.0
2233,799.0,550.0,1200.0,1337.5,1001.0,1544.0
2234,847.5,515.0,1350.0,1577.5,1159.0,1800.0
2250,561.5,300.0,869.0,841.0,625.0,1030.0
2251,677.5,350.0,1150.0,1245.5,1000.0,1600.0
2256,550.0,243.0,950.0,927.5,705.0,1270.0
2257,555.0,320.0,1023.0,1114.0,864.0,1400.0
2258,560.0,489.0,750.0,1100.0,643.0,1593.0
2259,577.5,300.0,800.0,830.5,675.0,988.0
2260,726.5,353.0,1200.0,1486.5,1185.0,1900.0
2261,555.0,344.0,900.0,907.5,750.0,1205.0
2262,550.0,410.0,780.0,740.0,648.0,848.0
2263,510.0,293.0,835.0,742.5,650.0,880.0
2264,570.0,400.0,730.0,841.5,686.0,1268.0
2265,570.0,260.0,791.0,860.0,703.0,1113.0
2267,530.0,275.0,645.0,,,
2278,720.0,550.0,720.0,,,
2280,551.5,298.0,996.0,901.5,763.0,1286.0
2281,611.5,295.0,1060.0,1046.5,731.0,1365.0
2282,648.0,338.0,918.0,986.0,776.0,1296.0
2283,578.0,275.0,895.0,809.5,659.0,1053.0
2284,586.5,295.0,990.0,845.5,663.0,1100.0
2285,620.0,235.0,800.0,807.5,675.0,899.0
2286,615.0,458.0,720.0,803.5,714.0,915.0
2287,585.0,180.0,800.0,777.5,680.0,890.0
2289,629.0,287.0,975.0,952.5,750.0,1251.0
2290,600.0,333.0,1000.0,852.5,683.0,1047.0
2291,649.0,400.0,1400.0,1563.5,795.0,2375.0
2292,580.0,250.0,790.0,850.0,671.0,1127.0
2293,687.5,350.0,950.0,829.0,648.0,1160.0
2294,675.0,525.0,800.0,1050.0,798.0,1260.0
2295,655.0,290.0,850.0,1070.0,885.0,1325.0
2296,642.5,322.0,895.0,861.0,730.0,1078.0
2297,468.0,198.0,850.0,1200.0,925.0,1265.0
2298,534.0,191.0,900.0,826.5,700.0,958.0
2299,520.0,180.0,780.0,805.5,668.0,1101.0
2300,650.0,375.0,1600.0,929.0,645.0,1600.0
2302,650.0,275.0,750.0,792.5,595.0,1155.0
2303,618.0,250.0,1025.0,1258.5,886.0,2355.0
2304,575.0,228.0,895.0,876.0,750.0,995.0
2305,627.5,323.0,1113.0,1010.5,803.0,1320.0
2306,501.5,415.0,600.0,635.0,605.0,683.0
2307,550.0,168.0,763.0,693.0,608.0,741.0
2311,,,,,,
2312,,,,,,
2315,579.0,450.0,825.0,899.0,619.0,1201.0
2316,645.0,450.0,743.0,1052.5,702.0,2100.0
2317,577.5,455.0,750.0,936.0,703.0,1491.0
2318,615.0,440.0,780.0,855.0,718.0,1163.0
2319,542.5,398.0,683.0,705.0,539.0,829.0
2320,550.0,290.0,683.0,691.5,571.0,850.0
2321,580.0,430.0,700.0,744.5,625.0,893.0
2322,575.0,290.0,778.0,725.5,578.0,915.0
2323,534.0,250.0,750.0,682.0,588.0,843.0
2324,510.0,280.0,700.0,660.0,549.0,843.0
2325,489.0,270.0,650.0,619.5,510.0,734.0
2326,490.0,365.0,580.0,605.0,476.0,700.0
2327,473.5,385.0,593.0,602.5,488.0,693.0
2328,510.0,375.0,650.0,,,
2329,400.0,290.0,450.0,400.0,325.0,498.0
2330,535.0,258.0,750.0,638.0,525.0,825.0
2333,455.0,205.0,650.0,506.0,415.0,617.0
2334,533.0,430.0,650.0,652.5,513.0,883.0
2335,620.0,400.0,740.0,764.0,560.0,1025.0
2336,410.0,260.0,528.0,578.0,544.0,740.0
2337,490.0,355.0,728.0,576.5,390.0,840.0
2338,,,,450.0,370.0,550.0
2339,,,,,,
2340,420.5,228.0,630.0,520.0,418.0,683.0
2341,355.0,338.0,416.0,,,
2343,365.0,195.0,513.0,390.0,230.0,500.0
2344,,,,,,
2345,,,,,,
2346,350.0,265.0,450.0,358.0,286.0,499.0
2347,293.0,240.0,330.0,,,
2350,400.0,195.0,600.0,505.0,369.0,670.0
2352,425.0,353.0,495.0,584.0,416.0,730.0
2353,,,,,,
2354,310.0,250.0,380.0,440.0,382.0,521.0
2355,,,,,,
2356,,,,,,
2357,327.5,253.0,375.0,332.5,82.0,488.0
2358,430.0,258.0,505.0,449.0,385.0,605.0
2360,380.0,205.0,520.0,389.5,288.0,568.0
2361,,,,,,
2365,352.5,260.0,715.0,411.5,275.0,575.0
2369,,,,,,
2370,350.0,210.0,400.0,361.5,290.0,529.0
2371,,,,,,
2372,400.0,335.0,463.0,444.5,350.0,688.0
2380,450.0,220.0,660.0,461.5,371.0,643.0
2381,,,,,,
2382,350.0,200.0,428.0,,,
2386,,,,,,
2388,220.0,200.0,285.0,226.5,162.0,341.0
2390,460.0,210.0,678.0,462.5,350.0,679.0
2395,,,,,,
2396,,,,,,
2397,,,,,,
2399,,,,,,
2400,330.0,200.0,600.0,296.5,171.0,463.0
2401,,,,,,
2402,,,,294.5,201.0,358.0
2404,,,,287.5,150.0,525.0
2406,,,,,,
2409,,,,,,
2415,,,,,,
2420,487.0,400.0,560.0,650.0,550.0,950.0
2421,,,,947.0,800.0,1350.0
2422,411.5,170.0,550.0,569.0,469.0,795.0
2423,500.0,443.0,570.0,588.0,358.0,855.0
2425,,,,,,
2426,,,,,,
2427,455.0,360.0,580.0,775.0,680.0,908.0
2428,495.0,280.0,710.0,715.0,501.0,905.0
2429,450.0,300.0,555.0,542.0,418.0,873.0
2430,460.0,250.0,680.0,608.0,435.0,861.0
2431,490.0,350.0,658.0,677.5,536.0,880.0
2439,,,,925.0,731.0,1285.0
2440,440.0,122.0,650.0,512.5,366.0,775.0
2441,462.5,340.0,660.0,780.0,575.0,1103.0
2443,525.0,375.0,665.0,783.5,625.0,990.0
2444,550.0,272.0,800.0,797.5,603.0,953.0
2445,650.0,505.0,750.0,888.0,718.0,1191.0
2446,550.0,346.0,750.0,661.5,550.0,966.0
2447,510.0,400.0,613.0,666.5,505.0,1035.0
2448,490.0,290.0,684.0,637.5,415.0,795.0
2449,,,,,,
2450,565.0,320.0,850.0,764.0,608.0,1050.0
2452,580.0,373.0,850.0,697.0,600.0,865.0
2453,417.5,338.0,538.0,698.0,611.0,888.0
2454,587.5,245.0,725.0,921.5,754.0,1339.0
2455,500.0,350.0,625.0,725.0,655.0,839.0
2456,601.5,348.0,886.0,883.5,750.0,1178.0
2460,450.0,1.0,700.0,500.5,400.0,636.0
2462,450.0,388.0,535.0,661.5,410.0,918.0
2463,495.5,401.0,565.0,736.5,560.0,938.0
2464,570.0,420.0,769.0,865.0,700.0,1400.0
2465,,,,,,
2466,430.0,360.0,540.0,685.0,503.0,905.0
2469,,,,477.5,320.0,743.0
2470,460.0,250.0,660.0,486.0,408.0,665.0
2471,485.0,390.0,559.0,483.0,371.0,568.0
2472,410.0,285.0,533.0,,,
2473,495.0,350.0,673.0,965.0,660.0,1226.0
2474,440.0,300.0,498.0,550.0,443.0,754.0
2475,,,,,,
2476,,,,,,
2477,628.0,450.0,850.0,878.5,650.0,1250.0
2478,700.0,319.0,1100.0,960.0,750.0,1425.0
2479,890.0,445.0,1550.0,1825.0,1238.0,4080.0
2480,500.0,235.0,850.0,588.5,370.0,795.0
2481,905.0,505.0,2000.0,1790.0,1098.0,2763.0
2482,750.0,370.0,1125.0,1004.0,869.0,1335.0
2483,765.0,428.0,1250.0,1125.0,885.0,1600.0
2484,592.5,330.0,990.0,877.5,685.0,1175.0
2485,650.0,300.0,1200.0,827.0,568.0,1100.0
2486,717.5,330.0,1150.0,899.0,720.0,1250.0
2487,800.0,380.0,1550.0,1298.5,740.0,1900.0
2488,780.0,635.0,988.0,1014.0,476.0,1585.0
2489,797.5,650.0,1088.0,1186.5,873.0,1579.0
2490,,,,,,
2500,600.0,350.0,1020.0,770.0,617.0,1025.0
2502,565.0,300.0,830.0,807.5,678.0,988.0
2505,555.0,398.0,800.0,850.0,473.0,1160.0
2506,575.0,500.0,695.0,780.0,691.0,866.0
2508,725.0,525.0,1050.0,1265.0,1038.0,1600.0
2515,798.0,334.0,1450.0,1805.0,1400.0,2835.0
2516,767.5,575.0,1000.0,1370.0,1113.0,1826.0
2517,698.0,433.0,1275.0,1174.0,835.0,1610.0
2518,605.0,360.0,1200.0,934.0,663.0,1283.0
2519,609.0,364.0,1000.0,1097.5,670.0,1400.0
2525,680.0,420.0,950.0,1102.5,889.0,1414.0
2526,671.5,430.0,935.0,942.5,808.0,1100.0
2527,650.0,470.0,800.0,822.0,749.0,961.0
2528,600.0,225.0,850.0,846.0,725.0,1050.0
2529,690.0,363.0,948.0,956.5,793.0,1260.0
2530,605.0,232.0,943.0,811.5,718.0,926.0
2533,690.0,388.0,950.0,1301.5,921.0,1650.0
2534,650.0,390.0,956.0,1682.5,1010.0,2175.0
2535,680.0,455.0,950.0,1291.5,868.0,2563.0
2536,500.0,290.0,685.0,760.0,625.0,976.0
2537,510.0,380.0,750.0,820.0,679.0,1110.0
2538,,,,1210.0,975.0,1493.0
2539,550.0,330.0,695.0,882.5,720.0,1380.0
2540,520.0,293.0,700.0,817.5,660.0,1135.0
2541,500.0,235.0,700.0,666.0,570.0,800.0
2545,,,,,,
2546,470.0,320.0,800.0,762.5,539.0,1093.0
2548,500.0,265.0,700.0,745.0,481.0,943.0
2549,493.0,363.0,625.0,975.0,695.0,1311.0
2550,500.0,305.0,670.0,725.0,550.0,915.0
2551,480.0,310.0,608.0,745.0,410.0,928.0
2556,831.5,550.0,1325.0,,,
2557,680.0,353.0,880.0,1096.5,925.0,1388.0
2558,564.0,450.0,780.0,901.5,784.0,974.0
2559,670.0,400.0,750.0,,,
2560,542.5,280.0,785.0,837.0,648.0,950.0
2563,720.0,575.0,800.0,,,
2564,550.0,433.0,725.0,810.0,640.0,930.0
2565,625.0,311.0,880.0,904.0,682.0,1150.0
2566,580.0,240.0,800.0,912.0,800.0,1071.0
2567,640.0,400.0,820.0,1035.0,900.0,1317.0
2568,700.0,455.0,750.0,,,
2569,,,,,,
2570,655.0,393.0,800.0,1057.5,910.0,1280.0
2571,620.0,360.0,858.0,1080.0,717.0,1483.0
2572,550.0,400.0,750.0,893.0,708.0,1163.0
2573,560.0,398.0,700.0,857.5,760.0,963.0
2574,570.0,450.0,730.0,993.0,808.0,1486.0
2575,600.0,300.0,880.0,900.0,750.0,1243.0
2576,700.0,343.0,1200.0,1545.0,1038.0,2200.0
2577,590.0,325.0,856.0,959.0,787.0,1740.0
2578,600.0,450.0,950.0,1100.0,890.0,1339.0
2579,570.0,430.0,925.0,985.5,713.0,2131.0
2580,460.0,253.0,625.0,627.5,516.0,818.0
2581,,,,715.0,665.0,1085.0
2582,535.0,393.0,800.0,841.0,578.0,1283.0
2583,430.0,325.0,480.0,577.5,481.0,747.0
2584,,,,,,
2586,400.0,280.0,543.0,430.0,280.0,530.0
2587,385.0,318.0,500.0,401.0,275.0,500.0
2588,,,,,,
2590,400.0,260.0,476.0,429.0,333.0,700.0
2594,378.0,260.0,570.0,463.0,380.0,647.0
2618,,,,,,
2619,725.0,579.0,910.0,1144.0,690.0,1400.0
2620,550.0,320.0,850.0,755.0,486.0,990.0
2621,685.0,490.0,900.0,1050.0,865.0,1419.0
2622,510.0,448.0,585.0,817.5,591.0,993.0
2623,,,,,,
2626,,,,,,
2627,710.0,390.0,2750.0,986.5,698.0,1406.0
2628,500.0,393.0,735.0,775.0,623.0,1330.0
2629,,,,,,
2630,470.0,280.0,750.0,551.5,455.0,748.0
2631,,,,,,
2632,370.0,310.0,385.0,427.0,325.0,545.0
2633,,,,,,
2640,457.5,220.0,650.0,602.5,430.0,804.0
2641,420.0,239.0,575.0,467.5,340.0,603.0
2642,430.0,180.0,553.0,575.5,306.0,848.0
2643,447.5,360.0,500.0,527.0,426.0,586.0
2644,,,,,,
2645,,,,,,
2646,365.0,270.0,475.0,452.5,323.0,560.0
2647,369.0,250.0,488.0,631.5,451.0,713.0
2648,340.0,300.0,360.0,350.0,230.0,535.0
2650,465.0,216.0,700.0,588.0,471.0,749.0
2651,475.0,380.0,628.0,502.5,428.0,626.0
2652,,,,388.0,214.0,720.0
2653,392.5,350.0,550.0,,,
2655,,,,,,
2656,380.0,265.0,460.0,,,
2658,,,,,,
2659,,,,,,
2660,420.0,380.0,600.0,,,
2663,380.0,180.0,458.0,411.5,310.0,584.0
2665,,,,243.0,174.0,268.0
2666,358.0,285.0,450.0,418.0,308.0,558.0
2668,,,,,,
2669,,,,,,
2671,450.0,280.0,500.0,366.0,252.0,494.0
2672,,,,,,
2675,,,,,,
2680,450.0,250.0,674.0,591.0,462.0,700.0
2681,415.0,390.0,460.0,,,
2700,326.5,165.0,423.0,336.0,236.0,485.0
2701,440.0,320.0,510.0,448.0,375.0,555.0
2702,,,,,,
2703,,,,,,
2705,380.0,275.0,500.0,406.5,306.0,501.0
2706,,,,,,
2707,,,,,,
2710,320.0,173.0,443.0,325.0,247.0,484.0
2711,205.0,173.0,323.0,254.0,68.0,355.0
2712,,,,,,
2713,320.0,290.0,365.0,303.5,185.0,380.0
2714,359.0,280.0,428.0,438.0,210.0,643.0
2715,,,,,,
2716,,,,,,
2717,,,,,,
2720,390.0,265.0,458.0,476.5,355.0,715.0
2721,,,,,,
2722,375.0,300.0,480.0,495.0,427.0,625.0
2729,,,,,,
2730,,,,,,
2731,488.0,350.0,665.0,655.0,500.0,940.0
2732,,,,,,
2733,,,,,,
2737,,,,,,
2738,415.0,353.0,485.0,,,
2739,440.0,385.0,495.0,,,
2745,660.0,468.0,950.0,1095.0,900.0,1316.0
2747,550.0,300.0,850.0,887.0,595.0,1000.0
2748,,,,,,
2749,630.0,440.0,996.0,931.5,858.0,1065.0
2750,552.5,350.0,820.0,770.0,555.0,975.0
2752,695.0,485.0,900.0,1130.0,820.0,1417.0
2753,580.0,330.0,988.0,877.5,728.0,1100.0
2754,580.0,445.0,1050.0,926.5,760.0,1390.0
2756,592.5,295.0,990.0,947.5,810.0,1255.0
2757,,,,,,
2758,545.0,365.0,796.0,1328.0,882.0,1895.0
2759,650.0,440.0,850.0,1046.0,915.0,1158.0
2760,550.0,300.0,750.0,779.0,628.0,1020.0
2761,620.0,440.0,875.0,971.5,877.0,1158.0
2762,655.0,450.0,850.0,937.5,601.0,1321.0
2763,650.0,415.0,850.0,1102.5,848.0,1426.0
2765,700.0,350.0,895.0,1150.0,880.0,1368.0
2766,630.0,450.0,855.0,911.0,763.0,1100.0
2767,600.0,450.0,870.0,978.5,811.0,1214.0
2768,800.0,670.0,895.0,1590.0,1401.0,1780.0
2769,850.0,750.0,950.0,1609.5,1340.0,1724.0
2770,500.0,300.0,800.0,746.5,500.0,866.0
2773,700.0,525.0,895.0,1540.0,1159.0,1820.0
2774,642.5,475.0,865.0,1045.0,858.0,1220.0
2775,,,,610.0,470.0,904.0
2776,595.0,500.0,714.0,907.0,808.0,1231.0
2777,635.0,450.0,875.0,966.5,830.0,1238.0
2778,,,,776.0,721.0,823.0
2779,565.0,450.0,680.0,826.5,623.0,920.0
2780,550.0,310.0,830.0,856.5,700.0,1194.0
2782,600.0,508.0,713.0,916.5,790.0,1145.0
2783,550.0,420.0,650.0,868.0,776.0,950.0
2784,,,,,,
2785,550.0,450.0,615.0,835.5,710.0,1073.0
2786,,,,700.0,525.0,813.0
2787,405.0,328.0,470.0,575.0,396.0,742.0
2790,410.0,305.0,643.0,528.0,438.0,880.0
2791,,,,,,
2793,,,,,,
2794,350.0,190.0,490.0,434.0,340.0,598.0
2795,455.0,238.0,621.0,652.5,525.0,805.0
2797,,,,,,
2798,,,,,,
2799,480.0,325.0,600.0,500.0,403.0,710.0
2800,500.0,280.0,700.0,681.5,525.0,842.0
2804,365.0,266.0,450.0,464.0,254.0,554.0
2806,,,,,,
2807,,,,,,
2808,,,,,,
2810,310.0,210.0,400.0,365.0,288.0,554.0
2818,,,,,,
2820,380.0,280.0,750.0,321.5,233.0,400.0
2821,400.0,290.0,466.0,390.0,285.0,531.0
2823,282.5,250.0,330.0,,,
2824,280.0,180.0,338.0,,,
2825,310.0,270.0,358.0,,,
2827,312.5,190.0,400.0,260.0,131.0,380.0
2828,,,,,,
2829,268.0,220.0,300.0,190.0,118.0,253.0
2830,455.0,220.0,650.0,557.0,465.0,700.0
2831,,,,,,
2832,,,,,,
2833,,,,,,
2834,,,,,,
2835,272.5,150.0,435.0,230.5,148.0,340.0
2839,,,,,,
2840,330.0,250.0,400.0,237.0,98.0,324.0
2842,,,,,,
2843,350.0,310.0,350.0,,,
2844,,,,,,
2845,440.0,305.0,575.0,482.0,420.0,599.0
2846,,,,,,
2847,375.0,295.0,475.0,410.0,390.0,430.0
2848,335.0,243.0,380.0,385.0,350.0,415.0
2849,,,,,,
2850,560.0,296.0,980.0,687.5,566.0,900.0
2852,550.0,405.0,1125.0,670.0,500.0,798.0
2864,,,,,,
2865,,,,,,
2866,400.0,330.0,470.0,,,
2867,,,,,,
2868,,,,,,
2869,,,,,,
2870,398.0,173.0,600.0,441.5,363.0,631.0
2871,394.0,200.0,600.0,430.0,320.0,668.0
2873,,,,,,
2874,,,,,,
2875,,,,,,
2877,350.0,270.0,488.0,260.0,193.0,344.0
2879,,,,,,
2880,300.0,170.0,560.0,190.0,134.0,285.0
